date,pct,above,valid,members,ndx
2023-09-25,24.74,24,97,101,14768.9
2023-09-26,12.37,12,97,101,14545.83
2023-09-27,14.43,14,97,101,14580.16
2023-09-28,25.77,25,97,101,14702.77
2023-09-29,21.65,21,97,101,14715.24
2023-10-02,23.71,23,97,101,14837.57
2023-10-03,12.37,12,97,101,14565.62
2023-10-04,22.68,22,97,101,14776.25
2023-10-05,21.65,21,97,101,14723.22
2023-10-06,35.05,34,97,101,14973.24
2023-10-09,40.21,39,97,101,15047.15
2023-10-10,43.3,42,97,101,15131.52
2023-10-11,50.52,49,97,101,15241.12
2023-10-12,49.48,48,97,101,15184.1
2023-10-13,40.21,39,97,101,14995.12
2023-10-16,49.48,48,97,101,15172.73
2023-10-17,48.45,47,97,101,15122.01
2023-10-18,37.11,36,97,101,14909.26
2023-10-19,29.9,29,97,101,14783.13
2023-10-20,23.71,23,97,101,14560.88
2023-10-23,23.71,23,97,101,14604.85
2023-10-24,27.84,27,97,101,14745.86
2023-10-25,17.53,17,97,101,14381.64
2023-10-26,13.4,13,97,101,14109.57
2023-10-27,12.37,12,97,101,14180.42
2023-10-30,16.49,16,97,101,14335.51
2023-10-31,21.65,21,97,101,14409.78
2023-11-01,32.99,32,97,101,14664.91
2023-11-02,46.39,45,97,101,14919.55
2023-11-03,50.52,49,97,101,15099.49
2023-11-06,50.52,49,97,101,15154.93
2023-11-07,53.61,52,97,101,15296.02
2023-11-08,51.55,50,97,101,15313.24
2023-11-09,47.42,46,97,101,15187.9
2023-11-10,57.73,56,97,101,15529.12
2023-11-13,55.67,54,97,101,15482.79
2023-11-14,72.16,70,97,101,15812.47
2023-11-15,74.23,72,97,101,15817.18
2023-11-16,67.01,65,97,101,15833.17
2023-11-17,69.07,67,97,101,15837.99
2023-11-20,75.26,73,97,101,16027.06
2023-11-21,74.23,72,97,101,15933.62
2023-11-22,73.2,71,97,101,16001.39
2023-11-24,74.23,72,97,101,15982.01
2023-11-27,74.23,72,97,101,15961.98
2023-11-28,76.29,74,97,101,16010.43
2023-11-29,73.2,71,97,101,15987.6
2023-11-30,73.2,71,97,101,15947.87
2023-12-01,79.38,77,97,101,15997.58
2023-12-04,77.32,75,97,101,15839.67
2023-12-05,73.2,71,97,101,15877.71
2023-12-06,72.16,70,97,101,15788.05
2023-12-07,76.29,74,97,101,16022.49
2023-12-08,78.35,76,97,101,16084.69
2023-12-11,84.54,82,97,101,16221.73
2023-12-12,83.51,81,97,101,16354.25
2023-12-13,89.69,87,97,101,16562.37
2023-12-14,88.66,86,97,101,16537.83
2023-12-15,89.69,87,97,101,16623.45
2023-12-18,93.81,91,97,101,16729.8
2023-12-19,94.85,92,97,101,16811.85
2023-12-20,92.78,90,97,101,16554.16
2023-12-21,93.81,91,97,101,16757.41
2023-12-22,93.81,91,97,101,16777.4
2023-12-26,93.81,91,97,101,16878.46
2023-12-27,92.78,90,97,101,16906.8
2023-12-28,92.78,90,97,101,16898.47
2023-12-29,92.78,90,97,101,16825.93
2024-01-02,87.63,85,97,101,16543.94
2024-01-03,85.57,83,97,101,16368.49
2024-01-04,82.47,80,97,101,16282.01
2024-01-05,79.38,77,97,101,16305.98
2024-01-08,84.54,82,97,101,16649.87
2024-01-09,80.41,78,97,101,16678.7
2024-01-10,77.32,75,97,101,16793.05
2024-01-11,80.41,78,97,101,16820.9
2024-01-12,81.44,79,97,101,16832.92
2024-01-16,79.38,77,97,101,16830.71
2024-01-17,72.16,70,97,101,16736.28
2024-01-18,77.32,75,97,101,16982.29
2024-01-19,82.47,80,97,101,17314.0
2024-01-22,83.51,81,97,101,17330.38
2024-01-23,85.57,83,97,101,17404.21
2024-01-24,79.38,77,97,101,17499.3
2024-01-25,83.51,81,97,101,17516.99
2024-01-26,77.32,75,97,101,17421.01
2024-01-29,84.54,82,97,101,17596.27
2024-01-30,79.38,77,97,101,17476.71
2024-01-31,70.1,68,97,101,17137.24
2024-02-01,76.29,74,97,101,17344.71
2024-02-02,70.1,68,97,101,17642.73
2024-02-05,69.07,67,97,101,17613.04
2024-02-06,74.23,72,97,101,17572.73
2024-02-07,74.23,72,97,101,17755.07
2024-02-08,72.16,70,97,101,17783.17
2024-02-09,67.01,65,97,101,17962.41
2024-02-12,69.07,67,97,101,17882.66
2024-02-13,60.82,59,97,101,17600.42
2024-02-14,62.89,61,97,101,17807.63
2024-02-15,62.89,61,97,101,17845.72
2024-02-16,59.79,58,97,101,17685.98
2024-02-20,60.82,59,97,101,17546.1
2024-02-21,63.92,62,97,101,17478.91
2024-02-22,64.95,63,97,101,18004.7
2024-02-23,64.95,63,97,101,17937.61
2024-02-26,60.82,59,97,101,17933.33
2024-02-27,62.89,61,97,101,17971.05
2024-02-28,60.82,59,97,101,17874.5
2024-02-29,62.89,61,97,101,18043.85
2024-03-01,63.92,62,97,101,18302.91
2024-03-04,62.89,61,97,101,18226.48
2024-03-05,52.58,51,97,101,17897.87
2024-03-06,59.79,58,97,101,18017.57
2024-03-07,63.92,62,97,101,18297.99
2024-03-08,62.89,61,97,101,18018.45
2024-03-11,64.95,63,97,101,17951.69
2024-03-12,63.92,62,97,101,18219.11
2024-03-13,62.89,61,97,101,18068.47
2024-03-14,61.86,60,97,101,18014.81
2024-03-15,53.61,52,97,101,17808.25
2024-03-18,56.12,55,98,101,17985.01
2024-03-19,58.16,57,98,101,18032.2
2024-03-20,63.27,62,98,101,18240.11
2024-03-21,64.29,63,98,101,18320.38
2024-03-22,62.24,61,98,101,18339.44
2024-03-25,58.16,57,98,101,18277.06
2024-03-26,58.16,57,98,101,18210.54
2024-03-27,63.27,62,98,101,18280.84
2024-03-28,68.37,67,98,101,18254.69
2024-04-01,60.2,59,98,101,18293.2
2024-04-02,54.08,53,98,101,18121.78
2024-04-03,52.04,51,98,101,18160.19
2024-04-04,47.96,47,98,101,17878.78
2024-04-05,52.04,51,98,101,18108.46
2024-04-08,52.04,51,98,101,18100.19
2024-04-09,54.08,53,98,101,18169.9
2024-04-10,47.96,47,98,101,18011.66
2024-04-11,52.04,51,98,101,18307.98
2024-04-12,37.76,37,98,101,18003.49
2024-04-15,28.57,28,98,101,17706.83
2024-04-16,30.61,30,98,101,17713.66
2024-04-17,23.47,23,98,101,17493.62
2024-04-18,22.45,22,98,101,17394.31
2024-04-19,18.37,18,98,101,17037.65
2024-04-22,19.39,19,98,101,17210.89
2024-04-23,26.53,26,98,101,17471.47
2024-04-24,32.65,32,98,101,17526.8
2024-04-25,28.57,28,98,101,17430.5
2024-04-26,39.8,39,98,101,17718.3
2024-04-29,42.86,42,98,101,17782.72
2024-04-30,31.63,31,98,101,17440.69
2024-05-01,33.67,33,98,101,17318.55
2024-05-02,35.71,35,98,101,17541.54
2024-05-03,39.8,39,98,101,17890.8
2024-05-06,45.92,45,98,101,18093.57
2024-05-07,47.96,47,98,101,18091.45
2024-05-08,43.88,43,98,101,18085.01
2024-05-09,47.96,47,98,101,18113.46
2024-05-10,47.96,47,98,101,18161.18
2024-05-13,52.04,51,98,101,18198.61
2024-05-14,55.1,54,98,101,18322.77
2024-05-15,58.16,57,98,101,18596.65
2024-05-16,57.14,56,98,101,18557.96
2024-05-17,57.14,56,98,101,18546.23
2024-05-20,61.22,60,98,101,18674.19
2024-05-21,58.16,57,98,101,18713.8
2024-05-22,56.12,55,98,101,18705.2
2024-05-23,52.04,51,98,101,18623.39
2024-05-24,54.08,53,98,101,18808.35
2024-05-28,47.96,47,98,101,18869.44
2024-05-29,44.9,44,98,101,18736.75
2024-05-30,45.92,45,98,101,18538.66
2024-05-31,48.98,48,98,101,18536.65
2024-06-03,46.94,46,98,101,18600.97
2024-06-04,47.96,47,98,101,18654.84
2024-06-05,53.06,52,98,101,19035.05
2024-06-06,57.14,56,98,101,19021.19
2024-06-07,56.12,55,98,101,19000.95
2024-06-10,57.14,56,98,101,19074.67
2024-06-11,56.12,55,98,101,19210.18
2024-06-12,57.14,56,98,101,19465.18
2024-06-13,57.14,56,98,101,19576.92
2024-06-14,56.12,55,98,101,19659.8
2024-06-17,61.22,60,98,101,19902.75
2024-06-18,60.2,59,98,101,19908.86
2024-06-20,63.27,62,98,101,19752.3
2024-06-21,66.33,65,98,101,19700.43
2024-06-24,66.33,65,98,101,19474.62
2024-06-25,66.33,65,98,101,19701.13
2024-06-26,60.2,59,98,101,19751.05
2024-06-27,63.27,62,98,101,19789.03
2024-06-28,64.29,63,98,101,19682.87
2024-07-01,59.18,58,98,101,19812.22
2024-07-02,64.29,63,98,101,20011.89
2024-07-03,66.33,65,98,101,20186.63
2024-07-05,65.31,64,98,101,20391.97
2024-07-08,66.33,65,98,101,20439.54
2024-07-09,62.24,61,98,101,20453.02
2024-07-10,65.31,64,98,101,20675.38
2024-07-11,69.39,68,98,101,20211.36
2024-07-12,74.49,73,98,101,20331.49
2024-07-15,70.41,69,98,101,20386.88
2024-07-16,74.49,73,98,101,20398.62
2024-07-17,64.29,63,98,101,19799.14
2024-07-18,56.12,55,98,101,19705.09
2024-07-19,54.08,53,98,101,19522.62
2024-07-22,63.64,63,99,101,19822.87
2024-07-23,58.59,58,99,101,19754.34
2024-07-24,36.36,36,99,101,19032.39
2024-07-25,39.39,39,99,101,18830.58
2024-07-26,42.42,42,99,101,19023.66
2024-07-29,44.44,44,99,101,19059.49
2024-07-30,44.44,44,99,101,18796.27
2024-07-31,50.51,50,99,101,19362.43
2024-08-01,42.42,42,99,101,18890.39
2024-08-02,38.38,38,99,101,18440.85
2024-08-05,29.29,29,99,101,17895.16
2024-08-06,32.32,32,99,101,18077.92
2024-08-07,29.29,29,99,101,17867.37
2024-08-08,35.35,35,99,101,18413.82
2024-08-09,40.4,40,99,101,18513.1
2024-08-12,39.39,39,99,101,18542.03
2024-08-13,45.45,45,99,101,19006.43
2024-08-14,45.45,45,99,101,19022.68
2024-08-15,57.58,57,99,101,19490.15
2024-08-16,55.56,55,99,101,19508.52
2024-08-19,59.6,59,99,101,19766.49
2024-08-20,59.6,59,99,101,19719.82
2024-08-21,63.64,63,99,101,19824.84
2024-08-22,55.56,55,99,101,19491.84
2024-08-23,62.63,62,99,101,19720.87
2024-08-26,57.58,57,99,101,19516.44
2024-08-27,58.59,58,99,101,19581.52
2024-08-28,58.59,58,99,101,19350.78
2024-08-29,60.61,60,99,101,19325.45
2024-08-30,64.65,64,99,101,19574.64
2024-09-03,53.54,53,99,101,18958.74
2024-09-04,48.48,48,99,101,18921.4
2024-09-05,49.49,49,99,101,18930.33
2024-09-06,39.39,39,99,101,18421.31
2024-09-09,48.48,48,99,101,18660.78
2024-09-10,49.49,49,99,101,18829.14
2024-09-11,52.53,52,99,101,19237.3
2024-09-12,56.57,56,99,101,19423.07
2024-09-13,61.62,61,99,101,19514.59
2024-09-16,59.6,59,99,101,19423.06
2024-09-17,59.6,59,99,101,19432.4
2024-09-18,57.58,57,99,101,19344.49
2024-09-19,72.73,72,99,101,19839.83
2024-09-20,64.65,64,99,101,19791.49
2024-09-23,68.69,68,99,101,19852.2
2024-09-24,70.71,70,99,101,19944.84
2024-09-25,67.68,67,99,101,19972.61
2024-09-26,75.76,75,99,101,20115.54
2024-09-27,78.79,78,99,101,20008.62
2024-09-30,77.78,77,99,101,20060.69
2024-10-01,66.67,66,99,101,19773.3
2024-10-02,67.68,67,99,101,19802.59
2024-10-03,64.65,64,99,101,19793.34
2024-10-04,68.69,68,99,101,20035.02
2024-10-07,57.58,57,99,101,19800.74
2024-10-08,66.67,66,99,101,20107.78
2024-10-09,71.72,71,99,101,20268.86
2024-10-10,71.72,71,99,101,20241.76
2024-10-11,76.77,76,99,101,20271.97
2024-10-14,81.82,81,99,101,20439.05
2024-10-15,68.69,68,99,101,20159.83
2024-10-16,68.69,68,99,101,20174.05
2024-10-17,65.66,65,99,101,20190.42
2024-10-18,71.72,71,99,101,20324.04
2024-10-21,64.65,64,99,101,20361.47
2024-10-22,61.62,61,99,101,20390.46
2024-10-23,56.57,56,99,101,20066.96
2024-10-24,57.58,57,99,101,20232.87
2024-10-25,62.63,62,99,101,20352.02
2024-10-28,60.61,60,99,101,20351.07
2024-10-29,61.62,61,99,101,20550.65
2024-10-30,60.61,60,99,101,20387.7
2024-10-31,51.52,51,99,101,19890.42
2024-11-01,55.56,55,99,101,20033.14
2024-11-04,51.52,51,99,101,19963.6
2024-11-05,55.56,55,99,101,20227.46
2024-11-06,66.67,66,99,101,20781.33
2024-11-07,72.73,72,99,101,21101.57
2024-11-08,70.71,70,99,101,21117.18
2024-11-11,61.62,61,99,101,21106.59
2024-11-12,63.64,63,99,101,21070.79
2024-11-13,63.64,63,99,101,21036.16
2024-11-14,64.65,64,99,101,20896.67
2024-11-15,53.54,53,99,101,20394.13
2024-11-18,58.59,58,99,101,20539.19
2024-11-19,54.55,54,99,101,20684.59
2024-11-20,58.59,58,99,101,20667.1
2024-11-21,63.64,63,99,101,20740.78
2024-11-22,61.62,61,99,101,20776.23
2024-11-25,66.67,66,99,101,20804.89
2024-11-26,68.69,68,99,101,20922.9
2024-11-27,67.68,67,99,101,20744.49
2024-11-29,67.68,67,99,101,20930.37
2024-12-02,68.69,68,99,101,21164.6
2024-12-03,64.65,64,99,101,21229.32
2024-12-04,65.66,65,99,101,21492.36
2024-12-05,60.61,60,99,101,21425.22
2024-12-06,60.61,60,99,101,21622.25
2024-12-09,60.61,60,99,101,21440.82
2024-12-10,57.58,57,99,101,21368.18
2024-12-11,59.6,59,99,101,21763.98
2024-12-12,55.56,55,99,101,21615.27
2024-12-13,51.52,51,99,101,21780.25
2024-12-16,52.53,52,99,101,22096.66
2024-12-17,49.49,49,99,101,22001.08
2024-12-18,37.37,37,99,101,21209.32
2024-12-19,34.34,34,99,101,21110.51
2024-12-20,33.33,33,99,101,21289.15
2024-12-23,39.39,39,99,101,21503.17
2024-12-24,45.45,45,99,101,21797.65
2024-12-26,44.44,44,99,101,21768.31
2024-12-27,39.39,39,99,101,21473.02
2024-12-30,33.33,33,99,101,21197.09
2024-12-31,28.28,28,99,101,21012.17
2025-01-02,30.3,30,99,101,20975.62
2025-01-03,38.38,38,99,101,21326.16
2025-01-06,39.39,39,99,101,21559.5
2025-01-07,35.35,35,99,101,21173.04
2025-01-08,35.35,35,99,101,21180.97
2025-01-10,25.25,25,99,101,20847.58
2025-01-13,20.2,20,99,101,20784.72
2025-01-14,24.24,24,99,101,20757.41
2025-01-15,36.36,36,99,101,21237.85
2025-01-16,36.36,36,99,101,21091.25
2025-01-17,43.43,43,99,101,21441.16
2025-01-21,49.49,49,99,101,21566.51
2025-01-22,54.55,54,99,101,21853.0
2025-01-23,54.55,54,99,101,21900.93
2025-01-24,53.54,53,99,101,21774.01
2025-01-27,54.55,54,99,101,21127.28
2025-01-28,54.55,54,99,101,21463.04
2025-01-29,57.58,57,99,101,21411.46
2025-01-30,60.61,60,99,101,21508.12
2025-01-31,58.59,58,99,101,21478.05
2025-02-03,57.58,57,99,101,21297.58
2025-02-04,53.54,53,99,101,21566.92
2025-02-05,56.57,56,99,101,21658.16
2025-02-06,60.61,60,99,101,21774.07
2025-02-07,57.58,57,99,101,21491.31
2025-02-10,59.6,59,99,101,21756.73
2025-02-11,61.62,61,99,101,21693.52
2025-02-12,62.63,62,99,101,21719.26
2025-02-13,68.69,68,99,101,22030.71
2025-02-14,66.67,66,99,101,22114.69
2025-02-18,72.73,72,99,101,22164.61
2025-02-19,69.7,69,99,101,22175.6
2025-02-20,70.71,70,99,101,22068.06
2025-02-21,63.64,63,99,101,21614.08
2025-02-24,61.62,61,99,101,21352.08
2025-02-25,54.55,54,99,101,21087.25
2025-02-26,58.59,58,99,101,21132.92
2025-02-27,48.48,48,99,101,20550.95
2025-02-28,56.57,56,99,101,20884.41
2025-03-03,47.47,47,99,101,20425.58
2025-03-04,44.44,44,99,101,20352.53
2025-03-05,52.53,52,99,101,20628.46
2025-03-06,42.42,42,99,101,20052.63
2025-03-07,46.46,46,99,101,20201.37
2025-03-10,33.33,33,99,101,19430.95
2025-03-11,28.28,28,99,101,19376.96
2025-03-12,27.27,27,99,101,19596.02
2025-03-13,23.23,23,99,101,19225.48
2025-03-14,26.26,26,99,101,19704.64
2025-03-17,33.33,33,99,101,19812.24
2025-03-18,30.3,30,99,101,19483.36
2025-03-19,34.34,34,99,101,19736.66
2025-03-20,30.3,30,99,101,19677.61
2025-03-21,28.28,28,99,101,19753.97
2025-03-24,34.34,34,99,101,20180.45
2025-03-25,35.35,35,99,101,20287.83
2025-03-26,39.39,39,99,101,19916.99
2025-03-27,37.37,37,99,101,19798.62
2025-03-28,30.3,30,99,101,19281.4
2025-03-31,32.32,32,99,101,19278.45
2025-04-01,31.31,31,99,101,19436.42
2025-04-02,34.34,34,99,101,19581.78
2025-04-03,28.28,28,99,101,18521.47
2025-04-04,8.08,8,99,101,17397.7
2025-04-07,4.04,4,99,101,17430.68
2025-04-08,4.04,4,99,101,17090.4
2025-04-09,14.14,14,99,101,19145.06
2025-04-10,10.1,10,99,101,18343.57
2025-04-11,15.15,15,99,101,18690.05
2025-04-14,22.22,22,99,101,18796.02
2025-04-15,26.26,26,99,101,18830.23
2025-04-16,19.19,19,99,101,18257.64
2025-04-17,22.22,22,99,101,18258.09
2025-04-21,15.15,15,99,101,17808.3
2025-04-22,22.22,22,99,101,18276.41
2025-04-23,27.27,27,99,101,18693.26
2025-04-24,29.29,29,99,101,19214.4
2025-04-25,33.33,33,99,101,19432.56
2025-04-28,36.36,36,99,101,19427.29
2025-04-29,40.4,40,99,101,19544.95
2025-04-30,43.43,43,99,101,19571.02
2025-05-01,42.42,42,99,101,19786.71
2025-05-02,62.63,62,99,101,20102.61
2025-05-05,60.61,60,99,101,19967.94
2025-05-06,57.58,57,99,101,19791.35
2025-05-07,58.59,58,99,101,19867.97
2025-05-08,59.6,59,99,101,20063.56
2025-05-09,63.64,63,99,101,20061.45
2025-05-12,77.78,77,99,101,20868.15
2025-05-13,76.77,76,99,101,21197.7
2025-05-14,76.77,76,99,101,21319.21
2025-05-15,81.82,81,99,101,21335.82
2025-05-16,82.83,82,99,101,21427.94
2025-05-19,80.81,80,99,101,21447.05
2025-05-20,80.81,80,99,101,21367.37
2025-05-21,78.79,78,99,101,21080.36
2025-05-22,75.76,75,99,101,21112.47
2025-05-23,71.72,71,99,101,20915.66
2025-05-27,79.8,79,99,101,21414.99
2025-05-28,77.78,77,99,101,21318.17
2025-05-29,76.77,76,99,101,21363.95
2025-05-30,78.79,78,99,101,21340.99
2025-06-02,76.77,76,99,101,21491.75
2025-06-03,81.82,81,99,101,21662.58
2025-06-04,81.82,81,99,101,21721.92
2025-06-05,80.81,80,99,101,21547.43
2025-06-06,84.85,84,99,101,21761.79
2025-06-09,84.85,84,99,101,21797.87
2025-06-10,84.85,84,99,101,21941.92
2025-06-11,82.83,82,99,101,21860.8
2025-06-12,82.83,82,99,101,21913.32
2025-06-13,78.79,78,99,101,21631.04
2025-06-16,80.81,80,99,101,21937.57
2025-06-17,74.75,74,99,101,21719.08
2025-06-18,69.7,69,99,101,21719.69
2025-06-20,68.69,68,99,101,21626.39
2025-06-23,75.76,75,99,101,21856.33
2025-06-24,79.8,79,99,101,22190.52
2025-06-25,73.74,73,99,101,22237.74
2025-06-26,76.77,76,99,101,22447.29
2025-06-27,73.74,73,99,101,22534.2
2025-06-30,78.79,78,99,101,22679.01
2025-07-01,80.81,80,99,101,22478.13
2025-07-02,77.78,77,99,101,22641.89
2025-07-03,82.83,82,99,101,22866.97
2025-07-07,78.79,78,99,101,22685.57
2025-07-08,77.78,77,99,101,22702.25
2025-07-09,80.81,80,99,101,22864.91
2025-07-10,72.73,72,99,101,22829.26
2025-07-11,69.7,69,99,101,22780.6
2025-07-14,73.74,73,99,101,22855.63
2025-07-15,66.67,66,99,101,22884.59
2025-07-16,66.67,66,99,101,22907.97
2025-07-17,68.69,68,99,101,23081.05
2025-07-18,69.7,69,99,101,23065.47
2025-07-21,70.71,70,99,100,23180.06
2025-07-22,71.72,71,99,100,23063.58
2025-07-23,73.74,73,99,100,23162.41
2025-07-24,72.73,72,99,100,23219.87
2025-07-25,71.72,71,99,100,23272.25
2025-07-28,71.0,71,100,101,23356.27
2025-07-29,67.0,67,100,101,23308.3
2025-07-30,63.0,63,100,101,23345.41
2025-07-31,52.0,52,100,101,23218.12
2025-08-01,49.0,49,100,101,22763.31
2025-08-04,50.0,50,100,101,23188.61
2025-08-05,48.0,48,100,101,23018.56
2025-08-06,47.0,47,100,101,23315.04
2025-08-07,47.0,47,100,101,23389.53
2025-08-08,50.0,50,100,101,23611.27
2025-08-11,48.0,48,100,101,23526.63
2025-08-12,51.0,51,100,101,23839.2
2025-08-13,57.0,57,100,101,23849.04
2025-08-14,52.0,52,100,101,23832.44
2025-08-15,48.0,48,100,101,23712.07
2025-08-18,50.0,50,100,101,23713.76
2025-08-19,49.0,49,100,101,23384.77
2025-08-20,48.0,48,100,101,23249.57
2025-08-21,44.0,44,100,101,23142.58
2025-08-22,57.0,57,100,101,23498.12
2025-08-25,48.0,48,100,101,23425.61
2025-08-26,47.0,47,100,101,23525.29
2025-08-27,52.0,52,100,101,23565.85
2025-08-28,56.0,56,100,101,23703.45
2025-08-29,49.0,49,100,101,23415.42
2025-09-02,40.0,40,100,101,23231.11
2025-09-03,39.0,39,100,101,23414.84
2025-09-04,44.0,44,100,101,23633.01
2025-09-05,47.0,47,100,101,23652.44
2025-09-08,44.0,44,100,101,23762.3
2025-09-09,44.0,44,100,101,23839.8
2025-09-10,42.0,42,100,101,23849.27
2025-09-11,45.0,45,100,101,23992.56
2025-09-12,46.0,46,100,101,24092.19
2025-09-15,44.0,44,100,101,24293.78
2025-09-16,41.0,41,100,101,24274.25
2025-09-17,44.0,44,100,101,24223.69
2025-09-18,50.0,50,100,101,24454.89
2025-09-19,53.0,53,100,101,24626.25
2025-09-22,48.0,48,100,101,24761.07
2025-09-23,50.0,50,100,101,24580.17
2025-09-24,45.0,45,100,101,24503.57
2025-09-25,41.0,41,100,101,24397.31
2025-09-26,47.0,47,100,101,24503.85
2025-09-29,49.0,49,100,101,24611.35
2025-09-30,48.0,48,100,101,24679.99
2025-10-01,52.0,52,100,101,24800.86
2025-10-02,56.0,56,100,101,24892.76
2025-10-03,55.0,55,100,101,24785.52
2025-10-06,57.0,57,100,101,24978.56
2025-10-07,53.0,53,100,101,24840.23
2025-10-08,56.0,56,100,101,25136.62
2025-10-09,54.0,54,100,101,25098.18
2025-10-10,42.0,42,100,101,24221.74
2025-10-13,46.0,46,100,101,24750.25
2025-10-14,50.0,50,100,101,24579.32
2025-10-15,51.0,51,100,101,24745.36
2025-10-16,45.0,45,100,101,24657.24
2025-10-17,52.0,52,100,101,24817.95
2025-10-20,59.0,59,100,101,25141.02
2025-10-21,65.0,65,100,101,25127.13
2025-10-22,59.0,59,100,101,24879.01
2025-10-23,60.0,60,100,101,25097.41
2025-10-24,63.0,63,100,101,25358.16
2025-10-27,70.0,70,100,101,25821.55
2025-10-28,64.0,64,100,101,26012.15
2025-10-29,57.0,57,100,101,26119.85
2025-10-30,54.0,54,100,101,25734.81
2025-10-31,56.0,56,100,102,25858.13
2025-11-03,54.0,54,100,102,25972.94
2025-11-04,51.0,51,100,102,25435.7
2025-11-05,49.0,49,100,102,25620.03
2025-11-06,45.0,45,100,102,25130.04
2025-11-07,47.0,47,100,102,25059.81
2025-11-10,49.0,49,100,102,25611.74
2025-11-11,49.0,49,100,102,25533.49
2025-11-12,49.0,49,100,102,25517.33
2025-11-13,43.0,43,100,102,24993.46
2025-11-14,41.0,41,100,102,25008.24
2025-11-17,36.0,36,100,102,24799.92
2025-11-18,34.0,34,100,102,24503.1
2025-11-19,37.0,37,100,102,24640.52
2025-11-20,28.0,28,100,102,24054.38
2025-11-21,30.0,30,100,102,24239.57
2025-11-24,35.0,35,100,102,24873.85
2025-11-25,41.0,41,100,102,25018.36
2025-11-26,44.0,44,100,102,25236.94
2025-11-28,46.0,46,100,102,25434.89
2025-12-01,43.0,43,100,102,25342.85
2025-12-02,52.0,52,100,102,25555.86
2025-12-03,56.0,56,100,102,25606.54
2025-12-04,56.0,56,100,102,25581.7
2025-12-05,57.0,57,100,102,25692.05
2025-12-08,51.0,51,100,101,25627.95
2025-12-09,51.0,51,100,101,25668.69
2025-12-10,58.0,58,100,101,25776.44
2025-12-11,58.0,58,100,101,25686.69
2025-12-12,52.0,52,100,101,25196.73
2025-12-15,53.0,53,100,101,25067.27
2025-12-16,55.0,55,100,101,25132.94
2025-12-17,55.0,55,100,101,24647.61
2025-12-18,56.0,56,100,101,25019.37
2025-12-19,55.0,55,100,101,25346.18
2025-12-22,57.0,57,100,101,25461.7
2025-12-23,57.0,57,100,101,25587.83
2025-12-24,57.0,57,100,101,25656.15
2025-12-26,57.0,57,100,101,25644.39
2025-12-29,59.0,59,100,101,25525.56
2025-12-30,56.0,56,100,101,25462.56
2025-12-31,50.0,50,100,101,25249.85
2026-01-02,44.0,44,100,101,25206.17
2026-01-05,50.0,50,100,101,25401.32
2026-01-06,56.0,56,100,101,25639.71
2026-01-07,55.0,55,100,101,25653.9
2026-01-08,57.0,57,100,101,25507.1
2026-01-09,57.0,57,100,101,25766.26
2026-01-12,57.0,57,100,101,25787.66
2026-01-13,55.0,55,100,101,25741.95
2026-01-14,56.0,56,100,101,25465.94
2026-01-15,55.0,55,100,101,25547.07
2026-01-16,53.0,53,100,101,25529.26
2026-01-20,46.0,46,100,101,24987.57
2026-01-21,53.0,53,100,101,25326.58
2026-01-22,55.0,55,100,101,25518.35
2026-01-23,56.0,56,100,101,25605.47
2026-01-26,57.0,57,100,101,25713.21
2026-01-27,60.0,60,100,101,25939.74
2026-01-28,57.0,57,100,101,26022.79
2026-01-29,55.0,55,100,101,25884.3
2026-01-30,55.0,55,100,101,25552.39
2026-02-02,54.0,54,100,101,25738.61
2026-02-03,50.0,50,100,101,25338.62
2026-02-04,52.0,52,100,101,24891.24
2026-02-05,49.0,49,100,101,24548.69
2026-02-06,52.0,52,100,101,25075.77
2026-02-09,53.0,53,100,101,25268.14
2026-02-10,50.0,50,100,101,25127.64
2026-02-11,51.0,51,100,101,25201.26
2026-02-12,49.0,49,100,101,24687.61
2026-02-13,48.0,48,100,101,24732.73
2026-02-17,48.0,48,100,101,24701.6
2026-02-18,49.0,49,100,101,24898.87
2026-02-19,50.0,50,100,101,24797.34
2026-02-20,50.0,50,100,101,25012.62
2026-02-23,50.0,50,100,101,24708.94
2026-02-24,51.0,51,100,101,24977.04
2026-02-25,53.0,53,100,101,25329.04
2026-02-26,54.0,54,100,101,25034.37
2026-02-27,52.0,52,100,101,24960.04
2026-03-02,53.0,53,100,101,24992.6
2026-03-03,46.0,46,100,101,24720.08
2026-03-04,52.0,52,100,101,25093.68
2026-03-05,44.0,44,100,101,25020.41
2026-03-06,39.0,39,100,101,24643.02
2026-03-09,47.0,47,100,101,24967.25
2026-03-10,42.0,42,100,101,24956.47
2026-03-11,42.0,42,100,101,24965.01
2026-03-12,29.0,29,100,101,24533.58
2026-03-13,29.0,29,100,101,24380.73
2026-03-16,33.0,33,100,101,24655.34
2026-03-17,37.0,37,100,101,24780.42
2026-03-18,28.0,28,100,101,24425.09
2026-03-19,27.0,27,100,101,24355.28
2026-03-20,18.0,18,100,101,23898.15
2026-03-23,21.0,21,100,101,24188.59
2026-03-24,21.0,21,100,101,24002.45
2026-03-25,27.0,27,100,101,24162.98
2026-03-26,15.0,15,100,101,23586.99
2026-03-27,14.0,14,100,101,23132.77
2026-03-30,16.0,16,100,101,22953.38
2026-03-31,20.0,20,100,101,23740.19
2026-04-01,25.0,25,100,101,24019.99
2026-04-02,29.0,29,100,101,24045.53
2026-04-06,34.0,34,100,101,24192.17
2026-04-07,30.0,30,100,101,24202.37
2026-04-08,48.0,48,100,101,24903.17
2026-04-09,50.0,50,100,101,25082.09
2026-04-10,44.0,44,100,101,25116.34
2026-04-13,46.0,46,100,101,25383.72
2026-04-14,50.0,50,100,101,25842.0
2026-04-15,54.0,54,100,101,26204.58
2026-04-16,59.0,59,100,101,26333.0
2026-04-17,62.0,62,100,101,26672.43
2026-04-20,64.0,64,100,101,26590.34
2026-04-21,62.0,62,100,101,26479.47
2026-04-22,64.0,64,100,101,26937.28
2026-04-23,62.0,62,100,101,26782.63
2026-04-24,61.0,61,100,101,27303.67
2026-04-27,57.0,57,100,101,27305.68
2026-04-28,54.0,54,100,101,27029.01
2026-04-29,55.0,55,100,101,27186.98
2026-04-30,62.0,62,100,101,27452.12
2026-05-01,65.0,65,100,101,27710.36
2026-05-04,61.0,61,100,101,27651.82
2026-05-05,60.0,60,100,101,28015.06
2026-05-06,58.0,58,100,101,28599.17
2026-05-07,62.0,62,100,101,28563.95
2026-05-08,57.0,57,100,101,29234.99
2026-05-11,54.0,54,100,101,29320.66
2026-05-12,55.0,55,100,101,29064.8
2026-05-13,52.0,52,100,101,29366.94
2026-05-14,52.0,52,100,101,29580.3
2026-05-15,53.0,53,100,101,29125.2
2026-05-18,59.0,59,100,101,28994.37
2026-05-19,57.0,57,100,101,28818.84
2026-05-20,61.0,61,100,101,29297.7
2026-05-21,61.0,61,100,101,29357.27
2026-05-22,63.0,63,100,101,29481.64
2026-05-26,57.0,57,100,101,30001.32
2026-05-27,54.0,54,100,101,29973.57
2026-05-28,62.0,62,100,101,30223.89
2026-05-29,58.0,58,100,101,30333.18
2026-06-01,66.0,66,100,101,30513.86
2026-06-02,58.0,58,100,101,30660.6
2026-06-03,58.0,58,100,101,30571.24
2026-06-04,62.0,62,100,101,30407.81
2026-06-05,51.0,51,100,101,28957.6
2026-06-08,56.0,56,100,101,29414.26
2026-06-09,51.0,51,100,101,29084.5
2026-06-10,44.0,44,100,101,28508.03
2026-06-11,48.0,48,100,101,29446.18
2026-06-12,51.0,51,100,101,29635.95
2026-06-15,61.0,61,100,101,30543.92
2026-06-16,57.0,57,100,101,29968.13
2026-06-17,47.0,47,100,101,29670.95
2026-06-18,52.0,52,100,101,30406.19
2026-06-22,49.0,49,100,101,30347.08
2026-06-23,53.0,53,100,101,29347.27
2026-06-24,58.0,58,100,101,29220.06
2026-06-25,54.0,54,100,101,29440.32
2026-06-26,50.0,50,100,101,29118.24
2026-06-29,51.0,51,100,101,29774.75
2026-06-30,51.0,51,100,101,30276.35
2026-07-01,57.0,57,100,102,29809.13
2026-07-02,56.0,56,100,102,29329.21
2026-07-06,60.0,60,100,102,29697.87
2026-07-07,53.0,53,100,103,29173.02
2026-07-08,56.0,56,100,103,29252.56
2026-07-09,56.0,56,100,103,29727.1
2026-07-10,59.0,59,100,103,29825.11
2026-07-13,51.0,51,100,103,29264.1
2026-07-14,54.0,54,100,103,29586.29
2026-07-15,50.0,50,100,103,29502.6
2026-07-16,51.0,51,100,103,29025.77
2026-07-17,43.0,43,100,103,28592.66
2026-07-20,42.0,42,100,103,28604.23
2026-07-21,43.0,43,100,103,29155.18
2026-07-22,46.0,46,100,103,28998.1
2026-07-23,39.0,39,100,103,28454.81
2026-07-24,39.0,39,100,103,28128.34
2026-07-27,48.0,48,100,103,28039.21
2026-07-28,51.0,51,100,103,27763.13
2026-07-29,48.0,48,100,103,27192.31
2026-07-30,46.0,46,100,103,28106.35
2026-07-31,47.0,47,100,103,28274.2
2026-08-03,49.0,49,100,103,28776.8
2026-08-04,59.0,59,100,103,29733.16
2026-08-05,55.0,55,100,103,29487.79
2026-08-06,51.0,51,100,102,29373.33
2026-08-07,52.0,52,100,102,29722.3
2026-08-10,56.0,56,100,102,29621.8
2026-08-11,53.0,53,100,102,29525.48
2026-08-12,57.0,57,100,102,29742.6
2026-08-13,63.0,63,100,102,30084.5
2026-08-14,65.0,65,100,102,30046.14
2026-08-17,58.0,58,100,102,29995.38
2026-08-18,59.0,59,100,102,29490.96
2026-08-19,60.0,60,100,102,29426.02
2026-08-20,52.0,52,100,102,29213.16
2026-08-21,53.0,53,100,102,29308.86
2026-08-24,51.49,52,101,102,29023.18
2026-08-25,50.98,52,102,102,29209.23
2026-08-26,50.0,51,102,102,29224.52
2026-08-27,48.04,49,102,102,29641.56
2026-08-28,50.0,51,102,102,29433.43
2026-08-31,50.0,51,102,102,29456.97
2026-09-01,45.1,46,102,102,29077.22
2026-09-02,46.08,47,102,102,29143.33
2026-09-03,48.04,49,102,102,29482.32
2026-09-04,45.1,46,102,102,29544.15
2026-09-08,48.04,49,102,102,29507.7
2026-09-09,39.22,40,102,102,29421.55
2026-09-10,37.25,38,102,102,29103.51
2026-09-11,40.2,41,102,102,29368.44
2026-09-14,39.6,40,101,101,29127.16
2026-09-15,34.65,35,101,101,28937.84
2026-09-16,32.67,33,101,101,28945.06
2026-09-17,32.67,33,101,101,29446.98
2026-09-18,32.67,33,101,101,29644.17
2026-09-21,39.6,40,101,101,30482.35
2026-09-22,46.53,47,101,101,30732.4
